--------------------------------------------------------
--  File created - Friday-May-24-2019   
--------------------------------------------------------
--------------------------------------------------------
--  DDL for Table TRN_CUSTOMERS
--------------------------------------------------------

  CREATE TABLE "HR"."TRN_CUSTOMERS" 
   (	"ACCOUNT_NUMBER" NUMBER(15,0), 
	"CUSTOMER_NAME" VARCHAR2(50 BYTE), 
	"CUSTOMER_ID" NUMBER(10,0), 
	"EMAIL" VARCHAR2(60 BYTE), 
	"PHONE_NUMBER" NUMBER(12,0), 
	"FATHERS_NAME" VARCHAR2(50 BYTE), 
	"GENDER" VARCHAR2(7 BYTE), 
	"BALANCE" NUMBER(12,2) DEFAULT 0, 
	"USERNAME" VARCHAR2(30 BYTE), 
	"PASSWORD" VARCHAR2(30 BYTE), 
	"DOB" DATE, 
	"PERMANENT_ADDRESS" VARCHAR2(250 BYTE), 
	"PERMANENT_CITY" VARCHAR2(25 BYTE), 
	"CURRENT_ADDRESS" VARCHAR2(250 BYTE), 
	"CURRENT_CITY" VARCHAR2(25 BYTE), 
	"STATE" VARCHAR2(25 BYTE), 
	"CREATED_DATE" TIMESTAMP (6), 
	"MODIFIED_DATE" TIMESTAMP (6), 
	"MMID" NUMBER(10,0), 
	"FLAG" NUMBER(10,0), 
	"IFSC_CODE" VARCHAR2(15 BYTE), 
	"TOTALCOUNT" NUMBER(25,0) DEFAULT 0, 
	"NEFTCOUNT" NUMBER(25,0) DEFAULT 0, 
	"RTGSCOUNT" NUMBER(25,0) DEFAULT 0, 
	"IMPSCOUNT" NUMBER(25,0) DEFAULT 0
   ) PCTFREE 10 PCTUSED 40 INITRANS 1 MAXTRANS 255 NOCOMPRESS LOGGING
  STORAGE(INITIAL 65536 NEXT 1048576 MINEXTENTS 1 MAXEXTENTS 2147483645
  PCTINCREASE 0 FREELISTS 1 FREELIST GROUPS 1 BUFFER_POOL DEFAULT)
  TABLESPACE "USERS" ;
REM INSERTING into HR.TRN_CUSTOMERS
SET DEFINE OFF;
Insert into HR.TRN_CUSTOMERS (ACCOUNT_NUMBER,CUSTOMER_NAME,CUSTOMER_ID,EMAIL,PHONE_NUMBER,FATHERS_NAME,GENDER,BALANCE,USERNAME,PASSWORD,DOB,PERMANENT_ADDRESS,PERMANENT_CITY,CURRENT_ADDRESS,CURRENT_CITY,STATE,CREATED_DATE,MODIFIED_DATE,MMID,FLAG,IFSC_CODE,TOTALCOUNT,NEFTCOUNT,RTGSCOUNT,IMPSCOUNT) values (620410100001,'Athiselva',5001,'athitek@rediffmail.com',9042401691,'Nainar','Male',9021000,'its773','Pass@123',to_date('05-07-98','DD-MM-RR'),'Shanmugam Street','shencottai,Tirunelveli','Shanmugam Street','shencottai,Tirunelveli','Tamil nadu',to_timestamp('07-05-19 12:38:21.578000000 PM','DD-MM-RR HH12:MI:SSXFF AM'),to_timestamp('24-05-19 11:53:43.112000000 AM','DD-MM-RR HH12:MI:SSXFF AM'),8807651,null,'ATEK000134',0,0,0,0);
Insert into HR.TRN_CUSTOMERS (ACCOUNT_NUMBER,CUSTOMER_NAME,CUSTOMER_ID,EMAIL,PHONE_NUMBER,FATHERS_NAME,GENDER,BALANCE,USERNAME,PASSWORD,DOB,PERMANENT_ADDRESS,PERMANENT_CITY,CURRENT_ADDRESS,CURRENT_CITY,STATE,CREATED_DATE,MODIFIED_DATE,MMID,FLAG,IFSC_CODE,TOTALCOUNT,NEFTCOUNT,RTGSCOUNT,IMPSCOUNT) values (620411100009,'Ramya',5109,'Ramya@rediffmail.com',9159512433,'Mohan','Female',200000,'Ram123','Pass@123',to_date('05-07-98','DD-MM-RR'),'south street','Tenkasi,Tirunelveli','south street','Tenkasi,Tirunelveli','Tamil nadu',to_timestamp('22-05-19 02:38:01.294000000 PM','DD-MM-RR HH12:MI:SSXFF AM'),to_timestamp('22-05-19 02:38:01.294000000 PM','DD-MM-RR HH12:MI:SSXFF AM'),5600019,null,'ATEK000134',0,0,0,0);
Insert into HR.TRN_CUSTOMERS (ACCOUNT_NUMBER,CUSTOMER_NAME,CUSTOMER_ID,EMAIL,PHONE_NUMBER,FATHERS_NAME,GENDER,BALANCE,USERNAME,PASSWORD,DOB,PERMANENT_ADDRESS,PERMANENT_CITY,CURRENT_ADDRESS,CURRENT_CITY,STATE,CREATED_DATE,MODIFIED_DATE,MMID,FLAG,IFSC_CODE,TOTALCOUNT,NEFTCOUNT,RTGSCOUNT,IMPSCOUNT) values (620410100002,'Saranya',5002,'Saranya@rediffmail.com',7010711728,'RajaGopal','Male',100000,'saranya23','Pass@123',to_date('05-07-98','DD-MM-RR'),'south street','shencottai','shencottai','madurai','Tamil nadu',to_timestamp('14-05-19 10:44:47.588000000 AM','DD-MM-RR HH12:MI:SSXFF AM'),to_timestamp('24-05-19 11:49:12.534000000 AM','DD-MM-RR HH12:MI:SSXFF AM'),1463444,null,'ATEK000134',0,0,0,0);
Insert into HR.TRN_CUSTOMERS (ACCOUNT_NUMBER,CUSTOMER_NAME,CUSTOMER_ID,EMAIL,PHONE_NUMBER,FATHERS_NAME,GENDER,BALANCE,USERNAME,PASSWORD,DOB,PERMANENT_ADDRESS,PERMANENT_CITY,CURRENT_ADDRESS,CURRENT_CITY,STATE,CREATED_DATE,MODIFIED_DATE,MMID,FLAG,IFSC_CODE,TOTALCOUNT,NEFTCOUNT,RTGSCOUNT,IMPSCOUNT) values (620411100017,'Maha devan',5117,'deva@gmail.com',9159512432,'Nainar','Male',0,'its778','Pass@123',to_date('11-11-97','DD-MM-RR'),'Shanmugam Street','shencottai,Tirunelveli','Shanmugam Street','shencottai,Tirunelveli','Tamil nadu',to_timestamp('22-05-19 03:12:54.585000000 PM','DD-MM-RR HH12:MI:SSXFF AM'),to_timestamp('22-05-19 03:12:54.585000000 PM','DD-MM-RR HH12:MI:SSXFF AM'),5600027,24312,'ATEK000134',0,0,0,0);
Insert into HR.TRN_CUSTOMERS (ACCOUNT_NUMBER,CUSTOMER_NAME,CUSTOMER_ID,EMAIL,PHONE_NUMBER,FATHERS_NAME,GENDER,BALANCE,USERNAME,PASSWORD,DOB,PERMANENT_ADDRESS,PERMANENT_CITY,CURRENT_ADDRESS,CURRENT_CITY,STATE,CREATED_DATE,MODIFIED_DATE,MMID,FLAG,IFSC_CODE,TOTALCOUNT,NEFTCOUNT,RTGSCOUNT,IMPSCOUNT) values (620411100018,'Ramesh',5118,'ramesh@gmail.com',7010711128,'Aadhi','Male',0,'its723','Pass@123',to_date('11-11-92','DD-MM-RR'),'Shanmugam Street','shencottai,Tirunelveli','Shanmugam Street','shencottai,Tirunelveli','Tamil nadu',to_timestamp('22-05-19 03:35:51.114000000 PM','DD-MM-RR HH12:MI:SSXFF AM'),to_timestamp('22-05-19 03:35:51.114000000 PM','DD-MM-RR HH12:MI:SSXFF AM'),5600028,24312,'ATEK000134',0,0,0,0);
Insert into HR.TRN_CUSTOMERS (ACCOUNT_NUMBER,CUSTOMER_NAME,CUSTOMER_ID,EMAIL,PHONE_NUMBER,FATHERS_NAME,GENDER,BALANCE,USERNAME,PASSWORD,DOB,PERMANENT_ADDRESS,PERMANENT_CITY,CURRENT_ADDRESS,CURRENT_CITY,STATE,CREATED_DATE,MODIFIED_DATE,MMID,FLAG,IFSC_CODE,TOTALCOUNT,NEFTCOUNT,RTGSCOUNT,IMPSCOUNT) values (620411100019,'karthick',5119,'karthick@gmail.com',8807651102,'Mohan','Male',33000,'its223','Pass@123',to_date('11-05-97','DD-MM-RR'),'Shanmugam Street','shencottai,Tirunelveli','Shanmugam Street','shencottai,Tirunelveli','Tamil nadu',to_timestamp('23-05-19 12:00:58.221000000 PM','DD-MM-RR HH12:MI:SSXFF AM'),to_timestamp('23-05-19 12:00:58.221000000 PM','DD-MM-RR HH12:MI:SSXFF AM'),5600029,24312,'ATEK000134',0,0,0,0);
--------------------------------------------------------
--  DDL for Index TRN_CUSTOMER_ACNUM_PK
--------------------------------------------------------

  CREATE UNIQUE INDEX "HR"."TRN_CUSTOMER_ACNUM_PK" ON "HR"."TRN_CUSTOMERS" ("ACCOUNT_NUMBER") 
  PCTFREE 10 INITRANS 2 MAXTRANS 255 COMPUTE STATISTICS 
  STORAGE(INITIAL 65536 NEXT 1048576 MINEXTENTS 1 MAXEXTENTS 2147483645
  PCTINCREASE 0 FREELISTS 1 FREELIST GROUPS 1 BUFFER_POOL DEFAULT)
  TABLESPACE "USERS" ;
--------------------------------------------------------
--  DDL for Index SYS_C004295
--------------------------------------------------------

  CREATE UNIQUE INDEX "HR"."SYS_C004295" ON "HR"."TRN_CUSTOMERS" ("CUSTOMER_ID") 
  PCTFREE 10 INITRANS 2 MAXTRANS 255 COMPUTE STATISTICS 
  STORAGE(INITIAL 65536 NEXT 1048576 MINEXTENTS 1 MAXEXTENTS 2147483645
  PCTINCREASE 0 FREELISTS 1 FREELIST GROUPS 1 BUFFER_POOL DEFAULT)
  TABLESPACE "USERS" ;
--------------------------------------------------------
--  DDL for Index SYS_C004296
--------------------------------------------------------

  CREATE UNIQUE INDEX "HR"."SYS_C004296" ON "HR"."TRN_CUSTOMERS" ("EMAIL") 
  PCTFREE 10 INITRANS 2 MAXTRANS 255 COMPUTE STATISTICS 
  STORAGE(INITIAL 65536 NEXT 1048576 MINEXTENTS 1 MAXEXTENTS 2147483645
  PCTINCREASE 0 FREELISTS 1 FREELIST GROUPS 1 BUFFER_POOL DEFAULT)
  TABLESPACE "USERS" ;
--------------------------------------------------------
--  DDL for Index SYS_C004297
--------------------------------------------------------

  CREATE UNIQUE INDEX "HR"."SYS_C004297" ON "HR"."TRN_CUSTOMERS" ("PHONE_NUMBER") 
  PCTFREE 10 INITRANS 2 MAXTRANS 255 COMPUTE STATISTICS 
  STORAGE(INITIAL 65536 NEXT 1048576 MINEXTENTS 1 MAXEXTENTS 2147483645
  PCTINCREASE 0 FREELISTS 1 FREELIST GROUPS 1 BUFFER_POOL DEFAULT)
  TABLESPACE "USERS" ;
--------------------------------------------------------
--  DDL for Index SYS_C004298
--------------------------------------------------------

  CREATE UNIQUE INDEX "HR"."SYS_C004298" ON "HR"."TRN_CUSTOMERS" ("USERNAME") 
  PCTFREE 10 INITRANS 2 MAXTRANS 255 COMPUTE STATISTICS 
  STORAGE(INITIAL 65536 NEXT 1048576 MINEXTENTS 1 MAXEXTENTS 2147483645
  PCTINCREASE 0 FREELISTS 1 FREELIST GROUPS 1 BUFFER_POOL DEFAULT)
  TABLESPACE "USERS" ;
--------------------------------------------------------
--  Constraints for Table TRN_CUSTOMERS
--------------------------------------------------------

  ALTER TABLE "HR"."TRN_CUSTOMERS" MODIFY ("CUSTOMER_NAME" NOT NULL ENABLE);
 
  ALTER TABLE "HR"."TRN_CUSTOMERS" MODIFY ("CUSTOMER_ID" NOT NULL ENABLE);
 
  ALTER TABLE "HR"."TRN_CUSTOMERS" MODIFY ("EMAIL" NOT NULL ENABLE);
 
  ALTER TABLE "HR"."TRN_CUSTOMERS" MODIFY ("PHONE_NUMBER" NOT NULL ENABLE);
 
  ALTER TABLE "HR"."TRN_CUSTOMERS" MODIFY ("FATHERS_NAME" NOT NULL ENABLE);
 
  ALTER TABLE "HR"."TRN_CUSTOMERS" MODIFY ("GENDER" NOT NULL ENABLE);
 
  ALTER TABLE "HR"."TRN_CUSTOMERS" MODIFY ("USERNAME" NOT NULL ENABLE);
 
  ALTER TABLE "HR"."TRN_CUSTOMERS" MODIFY ("PASSWORD" NOT NULL ENABLE);
 
  ALTER TABLE "HR"."TRN_CUSTOMERS" MODIFY ("DOB" NOT NULL ENABLE);
 
  ALTER TABLE "HR"."TRN_CUSTOMERS" MODIFY ("PERMANENT_ADDRESS" NOT NULL ENABLE);
 
  ALTER TABLE "HR"."TRN_CUSTOMERS" MODIFY ("PERMANENT_CITY" NOT NULL ENABLE);
 
  ALTER TABLE "HR"."TRN_CUSTOMERS" MODIFY ("CURRENT_ADDRESS" NOT NULL ENABLE);
 
  ALTER TABLE "HR"."TRN_CUSTOMERS" MODIFY ("CURRENT_CITY" NOT NULL ENABLE);
 
  ALTER TABLE "HR"."TRN_CUSTOMERS" MODIFY ("STATE" NOT NULL ENABLE);
 
  ALTER TABLE "HR"."TRN_CUSTOMERS" MODIFY ("CREATED_DATE" NOT NULL ENABLE);
 
  ALTER TABLE "HR"."TRN_CUSTOMERS" MODIFY ("MODIFIED_DATE" NOT NULL ENABLE);
 
  ALTER TABLE "HR"."TRN_CUSTOMERS" ADD UNIQUE ("CUSTOMER_ID")
  USING INDEX PCTFREE 10 INITRANS 2 MAXTRANS 255 COMPUTE STATISTICS 
  STORAGE(INITIAL 65536 NEXT 1048576 MINEXTENTS 1 MAXEXTENTS 2147483645
  PCTINCREASE 0 FREELISTS 1 FREELIST GROUPS 1 BUFFER_POOL DEFAULT)
  TABLESPACE "USERS"  ENABLE;
 
  ALTER TABLE "HR"."TRN_CUSTOMERS" ADD UNIQUE ("EMAIL")
  USING INDEX PCTFREE 10 INITRANS 2 MAXTRANS 255 COMPUTE STATISTICS 
  STORAGE(INITIAL 65536 NEXT 1048576 MINEXTENTS 1 MAXEXTENTS 2147483645
  PCTINCREASE 0 FREELISTS 1 FREELIST GROUPS 1 BUFFER_POOL DEFAULT)
  TABLESPACE "USERS"  ENABLE;
 
  ALTER TABLE "HR"."TRN_CUSTOMERS" ADD UNIQUE ("PHONE_NUMBER")
  USING INDEX PCTFREE 10 INITRANS 2 MAXTRANS 255 COMPUTE STATISTICS 
  STORAGE(INITIAL 65536 NEXT 1048576 MINEXTENTS 1 MAXEXTENTS 2147483645
  PCTINCREASE 0 FREELISTS 1 FREELIST GROUPS 1 BUFFER_POOL DEFAULT)
  TABLESPACE "USERS"  ENABLE;
 
  ALTER TABLE "HR"."TRN_CUSTOMERS" ADD UNIQUE ("USERNAME")
  USING INDEX PCTFREE 10 INITRANS 2 MAXTRANS 255 COMPUTE STATISTICS 
  STORAGE(INITIAL 65536 NEXT 1048576 MINEXTENTS 1 MAXEXTENTS 2147483645
  PCTINCREASE 0 FREELISTS 1 FREELIST GROUPS 1 BUFFER_POOL DEFAULT)
  TABLESPACE "USERS"  ENABLE;
 
  ALTER TABLE "HR"."TRN_CUSTOMERS" ADD CONSTRAINT "TRN_CUSTOMER_ACNUM_PK" PRIMARY KEY ("ACCOUNT_NUMBER")
  USING INDEX PCTFREE 10 INITRANS 2 MAXTRANS 255 COMPUTE STATISTICS 
  STORAGE(INITIAL 65536 NEXT 1048576 MINEXTENTS 1 MAXEXTENTS 2147483645
  PCTINCREASE 0 FREELISTS 1 FREELIST GROUPS 1 BUFFER_POOL DEFAULT)
  TABLESPACE "USERS"  ENABLE;


--------------------------------------------------------
--  File created - Friday-May-24-2019   
--------------------------------------------------------
--------------------------------------------------------
--  DDL for Table TRN_TRNSC_LIST
--------------------------------------------------------

  CREATE TABLE "HR"."TRN_TRNSC_LIST" 
   (	"CUSTOMER_ID" NUMBER(10,0), 
	"TRANSACTION_ID" NUMBER(10,0), 
	"CURRENT_BALANCE" NUMBER(10,2) DEFAULT 0, 
	"AMOUNT" NUMBER(10,2) DEFAULT 0, 
	"BENF_AC_NUMBER" NUMBER(15,0), 
	"TRANSACTION_DATE" TIMESTAMP (6), 
	"MMID" NUMBER(10,0)
   ) PCTFREE 10 PCTUSED 40 INITRANS 1 MAXTRANS 255 NOCOMPRESS LOGGING
  STORAGE(INITIAL 65536 NEXT 1048576 MINEXTENTS 1 MAXEXTENTS 2147483645
  PCTINCREASE 0 FREELISTS 1 FREELIST GROUPS 1 BUFFER_POOL DEFAULT)
  TABLESPACE "USERS" ;
REM INSERTING into HR.TRN_TRNSC_LIST
SET DEFINE OFF;
Insert into HR.TRN_TRNSC_LIST (CUSTOMER_ID,TRANSACTION_ID,CURRENT_BALANCE,AMOUNT,BENF_AC_NUMBER,TRANSACTION_DATE,MMID) values (5002,1445,18000,2000,null,to_timestamp('14-05-19 11:01:14.676000000 AM','DD-MM-RR HH12:MI:SSXFF AM'),4634);
Insert into HR.TRN_TRNSC_LIST (CUSTOMER_ID,TRANSACTION_ID,CURRENT_BALANCE,AMOUNT,BENF_AC_NUMBER,TRANSACTION_DATE,MMID) values (5002,1450,20000,10000,null,to_timestamp('14-05-19 11:44:11.839000000 AM','DD-MM-RR HH12:MI:SSXFF AM'),8807651);
Insert into HR.TRN_TRNSC_LIST (CUSTOMER_ID,TRANSACTION_ID,CURRENT_BALANCE,AMOUNT,BENF_AC_NUMBER,TRANSACTION_DATE,MMID) values (5002,1452,0,20000,null,to_timestamp('14-05-19 11:46:12.573000000 AM','DD-MM-RR HH12:MI:SSXFF AM'),8807651);
Insert into HR.TRN_TRNSC_LIST (CUSTOMER_ID,TRANSACTION_ID,CURRENT_BALANCE,AMOUNT,BENF_AC_NUMBER,TRANSACTION_DATE,MMID) values (5002,1454,10000,20000,null,to_timestamp('14-05-19 11:50:17.874000000 AM','DD-MM-RR HH12:MI:SSXFF AM'),0);
Insert into HR.TRN_TRNSC_LIST (CUSTOMER_ID,TRANSACTION_ID,CURRENT_BALANCE,AMOUNT,BENF_AC_NUMBER,TRANSACTION_DATE,MMID) values (5002,1458,101,100000,null,to_timestamp('14-05-19 12:09:01.765000000 PM','DD-MM-RR HH12:MI:SSXFF AM'),0);
Insert into HR.TRN_TRNSC_LIST (CUSTOMER_ID,TRANSACTION_ID,CURRENT_BALANCE,AMOUNT,BENF_AC_NUMBER,TRANSACTION_DATE,MMID) values (5002,1459,0,100101,null,to_timestamp('14-05-19 12:10:04.176000000 PM','DD-MM-RR HH12:MI:SSXFF AM'),0);
Insert into HR.TRN_TRNSC_LIST (CUSTOMER_ID,TRANSACTION_ID,CURRENT_BALANCE,AMOUNT,BENF_AC_NUMBER,TRANSACTION_DATE,MMID) values (5002,1462,200000,50000,null,to_timestamp('14-05-19 01:50:43.562000000 PM','DD-MM-RR HH12:MI:SSXFF AM'),8807651);
Insert into HR.TRN_TRNSC_LIST (CUSTOMER_ID,TRANSACTION_ID,CURRENT_BALANCE,AMOUNT,BENF_AC_NUMBER,TRANSACTION_DATE,MMID) values (5002,1463,150000,50000,null,to_timestamp('14-05-19 01:54:15.796000000 PM','DD-MM-RR HH12:MI:SSXFF AM'),8807651);
Insert into HR.TRN_TRNSC_LIST (CUSTOMER_ID,TRANSACTION_ID,CURRENT_BALANCE,AMOUNT,BENF_AC_NUMBER,TRANSACTION_DATE,MMID) values (5002,1465,180000,20000,null,to_timestamp('14-05-19 02:37:46.381000000 PM','DD-MM-RR HH12:MI:SSXFF AM'),8807651);
Insert into HR.TRN_TRNSC_LIST (CUSTOMER_ID,TRANSACTION_ID,CURRENT_BALANCE,AMOUNT,BENF_AC_NUMBER,TRANSACTION_DATE,MMID) values (5002,1495,97101,1000,null,to_timestamp('20-05-19 07:02:03.763000000 PM','DD-MM-RR HH12:MI:SSXFF AM'),0);
Insert into HR.TRN_TRNSC_LIST (CUSTOMER_ID,TRANSACTION_ID,CURRENT_BALANCE,AMOUNT,BENF_AC_NUMBER,TRANSACTION_DATE,MMID) values (5002,1448,20000,2000,null,to_timestamp('14-05-19 11:07:16.095000000 AM','DD-MM-RR HH12:MI:SSXFF AM'),4634);
Insert into HR.TRN_TRNSC_LIST (CUSTOMER_ID,TRANSACTION_ID,CURRENT_BALANCE,AMOUNT,BENF_AC_NUMBER,TRANSACTION_DATE,MMID) values (5002,1456,101,50000,null,to_timestamp('14-05-19 11:52:25.960000000 AM','DD-MM-RR HH12:MI:SSXFF AM'),0);
Insert into HR.TRN_TRNSC_LIST (CUSTOMER_ID,TRANSACTION_ID,CURRENT_BALANCE,AMOUNT,BENF_AC_NUMBER,TRANSACTION_DATE,MMID) values (5001,1625,9073000,6000,null,to_timestamp('24-05-19 11:50:53.634000000 AM','DD-MM-RR HH12:MI:SSXFF AM'),1463444);
Insert into HR.TRN_TRNSC_LIST (CUSTOMER_ID,TRANSACTION_ID,CURRENT_BALANCE,AMOUNT,BENF_AC_NUMBER,TRANSACTION_DATE,MMID) values (5001,1626,9071000,2000,null,to_timestamp('24-05-19 11:51:14.068000000 AM','DD-MM-RR HH12:MI:SSXFF AM'),1463444);
Insert into HR.TRN_TRNSC_LIST (CUSTOMER_ID,TRANSACTION_ID,CURRENT_BALANCE,AMOUNT,BENF_AC_NUMBER,TRANSACTION_DATE,MMID) values (5001,1627,9061000,10000,620410100002,to_timestamp('24-05-19 11:52:15.809000000 AM','DD-MM-RR HH12:MI:SSXFF AM'),0);
Insert into HR.TRN_TRNSC_LIST (CUSTOMER_ID,TRANSACTION_ID,CURRENT_BALANCE,AMOUNT,BENF_AC_NUMBER,TRANSACTION_DATE,MMID) values (5002,1468,0,210000,null,to_timestamp('15-05-19 06:52:45.155000000 PM','DD-MM-RR HH12:MI:SSXFF AM'),8807651);
Insert into HR.TRN_TRNSC_LIST (CUSTOMER_ID,TRANSACTION_ID,CURRENT_BALANCE,AMOUNT,BENF_AC_NUMBER,TRANSACTION_DATE,MMID) values (5001,1628,9051000,10000,620410100002,to_timestamp('24-05-19 11:52:35.737000000 AM','DD-MM-RR HH12:MI:SSXFF AM'),0);
Insert into HR.TRN_TRNSC_LIST (CUSTOMER_ID,TRANSACTION_ID,CURRENT_BALANCE,AMOUNT,BENF_AC_NUMBER,TRANSACTION_DATE,MMID) values (5001,1629,9031000,20000,620410100002,to_timestamp('24-05-19 11:52:59.885000000 AM','DD-MM-RR HH12:MI:SSXFF AM'),0);
Insert into HR.TRN_TRNSC_LIST (CUSTOMER_ID,TRANSACTION_ID,CURRENT_BALANCE,AMOUNT,BENF_AC_NUMBER,TRANSACTION_DATE,MMID) values (5001,1630,9021000,10000,620410100002,to_timestamp('24-05-19 11:53:22.370000000 AM','DD-MM-RR HH12:MI:SSXFF AM'),0);
Insert into HR.TRN_TRNSC_LIST (CUSTOMER_ID,TRANSACTION_ID,CURRENT_BALANCE,AMOUNT,BENF_AC_NUMBER,TRANSACTION_DATE,MMID) values (5001,1623,9096000,25000,null,to_timestamp('24-05-19 11:49:52.501000000 AM','DD-MM-RR HH12:MI:SSXFF AM'),1463444);
Insert into HR.TRN_TRNSC_LIST (CUSTOMER_ID,TRANSACTION_ID,CURRENT_BALANCE,AMOUNT,BENF_AC_NUMBER,TRANSACTION_DATE,MMID) values (5001,1624,9079000,17000,null,to_timestamp('24-05-19 11:50:25.584000000 AM','DD-MM-RR HH12:MI:SSXFF AM'),1463444);
Insert into HR.TRN_TRNSC_LIST (CUSTOMER_ID,TRANSACTION_ID,CURRENT_BALANCE,AMOUNT,BENF_AC_NUMBER,TRANSACTION_DATE,MMID) values (5002,1501,110101,1000,620410100001,to_timestamp('20-05-19 10:32:01.160000000 PM','DD-MM-RR HH12:MI:SSXFF AM'),0);
Insert into HR.TRN_TRNSC_LIST (CUSTOMER_ID,TRANSACTION_ID,CURRENT_BALANCE,AMOUNT,BENF_AC_NUMBER,TRANSACTION_DATE,MMID) values (5002,1502,108101,2000,620410100001,to_timestamp('20-05-19 10:32:26.798000000 PM','DD-MM-RR HH12:MI:SSXFF AM'),0);
Insert into HR.TRN_TRNSC_LIST (CUSTOMER_ID,TRANSACTION_ID,CURRENT_BALANCE,AMOUNT,BENF_AC_NUMBER,TRANSACTION_DATE,MMID) values (5119,1549,38000,10000,620410100002,to_timestamp('23-05-19 12:36:31.580000000 PM','DD-MM-RR HH12:MI:SSXFF AM'),0);
Insert into HR.TRN_TRNSC_LIST (CUSTOMER_ID,TRANSACTION_ID,CURRENT_BALANCE,AMOUNT,BENF_AC_NUMBER,TRANSACTION_DATE,MMID) values (5119,1550,33000,5000,null,to_timestamp('23-05-19 12:37:23.868000000 PM','DD-MM-RR HH12:MI:SSXFF AM'),1463444);
--------------------------------------------------------
--  Constraints for Table TRN_TRNSC_LIST
--------------------------------------------------------

  ALTER TABLE "HR"."TRN_TRNSC_LIST" MODIFY ("TRANSACTION_DATE" NOT NULL ENABLE);


--------------------------------------------------------
--  File created - Friday-May-24-2019   
--------------------------------------------------------
--------------------------------------------------------
--  DDL for Table TRN_PAYEE
--------------------------------------------------------

  CREATE TABLE "HR"."TRN_PAYEE" 
   (	"ACCOUNT_NUMBER" NUMBER(15,0), 
	"PAYEE_NAME" VARCHAR2(50 BYTE), 
	"TRANSACTION_ID" NUMBER(10,0), 
	"IFSC_CODE" VARCHAR2(10 BYTE), 
	"MMID" NUMBER(10,0), 
	"REMARKS" VARCHAR2(100 BYTE), 
	"BALANCE" NUMBER(12,2), 
	"TRANSACTION_DATE" TIMESTAMP (6), 
	"COM_DATE" TIMESTAMP (6), 
	"COUNT" NUMBER(12,2)
   ) PCTFREE 10 PCTUSED 40 INITRANS 1 MAXTRANS 255 NOCOMPRESS LOGGING
  STORAGE(INITIAL 65536 NEXT 1048576 MINEXTENTS 1 MAXEXTENTS 2147483645
  PCTINCREASE 0 FREELISTS 1 FREELIST GROUPS 1 BUFFER_POOL DEFAULT)
  TABLESPACE "USERS" ;
REM INSERTING into HR.TRN_PAYEE
SET DEFINE OFF;
Insert into HR.TRN_PAYEE (ACCOUNT_NUMBER,PAYEE_NAME,TRANSACTION_ID,IFSC_CODE,MMID,REMARKS,BALANCE,TRANSACTION_DATE,COM_DATE,COUNT) values (620410100001,null,1456,null,2023920,'HI',2010,to_timestamp('13-05-19 06:10:58.857000000 PM','DD-MM-RR HH12:MI:SSXFF AM'),to_timestamp('13-05-19 06:10:58.857000000 PM','DD-MM-RR HH12:MI:SSXFF AM'),null);
Insert into HR.TRN_PAYEE (ACCOUNT_NUMBER,PAYEE_NAME,TRANSACTION_ID,IFSC_CODE,MMID,REMARKS,BALANCE,TRANSACTION_DATE,COM_DATE,COUNT) values (620410100001,null,1459,null,2023920,'HI',3000,to_timestamp('13-05-19 11:16:43.425000000 PM','DD-MM-RR HH12:MI:SSXFF AM'),to_timestamp('13-05-19 11:16:43.426000000 PM','DD-MM-RR HH12:MI:SSXFF AM'),null);
Insert into HR.TRN_PAYEE (ACCOUNT_NUMBER,PAYEE_NAME,TRANSACTION_ID,IFSC_CODE,MMID,REMARKS,BALANCE,TRANSACTION_DATE,COM_DATE,COUNT) values (620410100001,null,1460,null,2023920,'HI',3000,to_timestamp('13-05-19 11:20:39.653000000 PM','DD-MM-RR HH12:MI:SSXFF AM'),to_timestamp('13-05-19 11:20:39.653000000 PM','DD-MM-RR HH12:MI:SSXFF AM'),null);
Insert into HR.TRN_PAYEE (ACCOUNT_NUMBER,PAYEE_NAME,TRANSACTION_ID,IFSC_CODE,MMID,REMARKS,BALANCE,TRANSACTION_DATE,COM_DATE,COUNT) values (620410100001,'Athiselvam',1461,'ATEK000134',0,'HI',3000,to_timestamp('13-05-19 11:27:33.977000000 PM','DD-MM-RR HH12:MI:SSXFF AM'),to_timestamp('13-05-19 11:27:33.977000000 PM','DD-MM-RR HH12:MI:SSXFF AM'),null);
Insert into HR.TRN_PAYEE (ACCOUNT_NUMBER,PAYEE_NAME,TRANSACTION_ID,IFSC_CODE,MMID,REMARKS,BALANCE,TRANSACTION_DATE,COM_DATE,COUNT) values (620410100001,'Athiselvam',1464,'ATEK000134',0,'HI',3000,to_timestamp('13-05-19 11:35:59.637000000 PM','DD-MM-RR HH12:MI:SSXFF AM'),to_timestamp('13-05-19 11:35:59.637000000 PM','DD-MM-RR HH12:MI:SSXFF AM'),null);
Insert into HR.TRN_PAYEE (ACCOUNT_NUMBER,PAYEE_NAME,TRANSACTION_ID,IFSC_CODE,MMID,REMARKS,BALANCE,TRANSACTION_DATE,COM_DATE,COUNT) values (620410100001,'Athiselvam',1465,'ATEK000134',0,'HI',3000,to_timestamp('13-05-19 11:37:20.746000000 PM','DD-MM-RR HH12:MI:SSXFF AM'),to_timestamp('13-05-19 11:37:20.746000000 PM','DD-MM-RR HH12:MI:SSXFF AM'),null);
Insert into HR.TRN_PAYEE (ACCOUNT_NUMBER,PAYEE_NAME,TRANSACTION_ID,IFSC_CODE,MMID,REMARKS,BALANCE,TRANSACTION_DATE,COM_DATE,COUNT) values (620410100001,'Athiselvam',1466,'ATEK000134',0,'HI',3000,to_timestamp('13-05-19 11:37:58.998000000 PM','DD-MM-RR HH12:MI:SSXFF AM'),to_timestamp('13-05-19 11:37:58.999000000 PM','DD-MM-RR HH12:MI:SSXFF AM'),null);
Insert into HR.TRN_PAYEE (ACCOUNT_NUMBER,PAYEE_NAME,TRANSACTION_ID,IFSC_CODE,MMID,REMARKS,BALANCE,TRANSACTION_DATE,COM_DATE,COUNT) values (620410100001,null,1467,null,2023920,'HI',3000,to_timestamp('14-05-19 09:14:54.229000000 AM','DD-MM-RR HH12:MI:SSXFF AM'),to_timestamp('14-05-19 09:14:54.230000000 AM','DD-MM-RR HH12:MI:SSXFF AM'),null);
Insert into HR.TRN_PAYEE (ACCOUNT_NUMBER,PAYEE_NAME,TRANSACTION_ID,IFSC_CODE,MMID,REMARKS,BALANCE,TRANSACTION_DATE,COM_DATE,COUNT) values (620410100001,'selva',1468,'ATEK000134',0,'HI',3000,to_timestamp('14-05-19 09:15:28.589000000 AM','DD-MM-RR HH12:MI:SSXFF AM'),to_timestamp('14-05-19 09:15:28.589000000 AM','DD-MM-RR HH12:MI:SSXFF AM'),null);
Insert into HR.TRN_PAYEE (ACCOUNT_NUMBER,PAYEE_NAME,TRANSACTION_ID,IFSC_CODE,MMID,REMARKS,BALANCE,TRANSACTION_DATE,COM_DATE,COUNT) values (620410100001,'Athiselvam',1469,'ATEK000134',0,'HI',3000,to_timestamp('14-05-19 09:20:33.356000000 AM','DD-MM-RR HH12:MI:SSXFF AM'),to_timestamp('14-05-19 09:20:33.356000000 AM','DD-MM-RR HH12:MI:SSXFF AM'),null);
Insert into HR.TRN_PAYEE (ACCOUNT_NUMBER,PAYEE_NAME,TRANSACTION_ID,IFSC_CODE,MMID,REMARKS,BALANCE,TRANSACTION_DATE,COM_DATE,COUNT) values (620410100001,'anu',1470,'ATEK000134',0,'HI',3000,to_timestamp('14-05-19 10:30:34.798000000 AM','DD-MM-RR HH12:MI:SSXFF AM'),to_timestamp('14-05-19 10:30:34.798000000 AM','DD-MM-RR HH12:MI:SSXFF AM'),null);
Insert into HR.TRN_PAYEE (ACCOUNT_NUMBER,PAYEE_NAME,TRANSACTION_ID,IFSC_CODE,MMID,REMARKS,BALANCE,TRANSACTION_DATE,COM_DATE,COUNT) values (620410100001,'Athiselva',1471,'ATEK000134',0,'HI',3000,to_timestamp('14-05-19 10:32:10.816000000 AM','DD-MM-RR HH12:MI:SSXFF AM'),to_timestamp('14-05-19 10:32:10.816000000 AM','DD-MM-RR HH12:MI:SSXFF AM'),null);
Insert into HR.TRN_PAYEE (ACCOUNT_NUMBER,PAYEE_NAME,TRANSACTION_ID,IFSC_CODE,MMID,REMARKS,BALANCE,TRANSACTION_DATE,COM_DATE,COUNT) values (620410100001,'Athi',1472,'ATEK000134',0,'HI',3000,to_timestamp('14-05-19 10:32:34.232000000 AM','DD-MM-RR HH12:MI:SSXFF AM'),to_timestamp('14-05-19 10:32:34.232000000 AM','DD-MM-RR HH12:MI:SSXFF AM'),null);
Insert into HR.TRN_PAYEE (ACCOUNT_NUMBER,PAYEE_NAME,TRANSACTION_ID,IFSC_CODE,MMID,REMARKS,BALANCE,TRANSACTION_DATE,COM_DATE,COUNT) values (620410100001,'anu',1473,'ATEK000134',0,'HI',2123,to_timestamp('14-05-19 10:33:33.952000000 AM','DD-MM-RR HH12:MI:SSXFF AM'),to_timestamp('14-05-19 10:33:33.952000000 AM','DD-MM-RR HH12:MI:SSXFF AM'),null);
Insert into HR.TRN_PAYEE (ACCOUNT_NUMBER,PAYEE_NAME,TRANSACTION_ID,IFSC_CODE,MMID,REMARKS,BALANCE,TRANSACTION_DATE,COM_DATE,COUNT) values (620410100001,'Athiselva',1474,'ATEK000134',0,'HI',3000,to_timestamp('14-05-19 10:33:56.763000000 AM','DD-MM-RR HH12:MI:SSXFF AM'),to_timestamp('14-05-19 10:33:56.763000000 AM','DD-MM-RR HH12:MI:SSXFF AM'),null);
Insert into HR.TRN_PAYEE (ACCOUNT_NUMBER,PAYEE_NAME,TRANSACTION_ID,IFSC_CODE,MMID,REMARKS,BALANCE,TRANSACTION_DATE,COM_DATE,COUNT) values (620410100001,null,1475,null,2023920,'rent',3000,to_timestamp('14-05-19 10:37:28.986000000 AM','DD-MM-RR HH12:MI:SSXFF AM'),to_timestamp('14-05-19 10:37:28.986000000 AM','DD-MM-RR HH12:MI:SSXFF AM'),null);
Insert into HR.TRN_PAYEE (ACCOUNT_NUMBER,PAYEE_NAME,TRANSACTION_ID,IFSC_CODE,MMID,REMARKS,BALANCE,TRANSACTION_DATE,COM_DATE,COUNT) values (620410100001,null,1476,null,8807651,'rent',12500,to_timestamp('14-05-19 11:45:11.031000000 AM','DD-MM-RR HH12:MI:SSXFF AM'),to_timestamp('14-05-19 11:45:11.031000000 AM','DD-MM-RR HH12:MI:SSXFF AM'),null);
Insert into HR.TRN_PAYEE (ACCOUNT_NUMBER,PAYEE_NAME,TRANSACTION_ID,IFSC_CODE,MMID,REMARKS,BALANCE,TRANSACTION_DATE,COM_DATE,COUNT) values (620410100002,'Athiselvam',1477,'ATEK000134',0,'rent',21000,to_timestamp('14-05-19 11:50:17.870000000 AM','DD-MM-RR HH12:MI:SSXFF AM'),to_timestamp('14-05-19 11:50:17.870000000 AM','DD-MM-RR HH12:MI:SSXFF AM'),null);
Insert into HR.TRN_PAYEE (ACCOUNT_NUMBER,PAYEE_NAME,TRANSACTION_ID,IFSC_CODE,MMID,REMARKS,BALANCE,TRANSACTION_DATE,COM_DATE,COUNT) values (620410100001,'saranya',1479,'ATEK000138',0,'rent',52000,to_timestamp('14-05-19 12:06:49.701000000 PM','DD-MM-RR HH12:MI:SSXFF AM'),to_timestamp('14-05-19 12:06:49.701000000 PM','DD-MM-RR HH12:MI:SSXFF AM'),null);
Insert into HR.TRN_PAYEE (ACCOUNT_NUMBER,PAYEE_NAME,TRANSACTION_ID,IFSC_CODE,MMID,REMARKS,BALANCE,TRANSACTION_DATE,COM_DATE,COUNT) values (620410100002,'Athiselvam',1480,'ATEK000134',0,'rent',101000,to_timestamp('14-05-19 12:09:01.762000000 PM','DD-MM-RR HH12:MI:SSXFF AM'),to_timestamp('14-05-19 12:09:01.762000000 PM','DD-MM-RR HH12:MI:SSXFF AM'),null);
Insert into HR.TRN_PAYEE (ACCOUNT_NUMBER,PAYEE_NAME,TRANSACTION_ID,IFSC_CODE,MMID,REMARKS,BALANCE,TRANSACTION_DATE,COM_DATE,COUNT) values (620410100002,'Athiselvam',1481,'ATEK000134',0,'rent',101101,to_timestamp('14-05-19 12:10:04.054000000 PM','DD-MM-RR HH12:MI:SSXFF AM'),to_timestamp('14-05-19 12:10:04.054000000 PM','DD-MM-RR HH12:MI:SSXFF AM'),null);
Insert into HR.TRN_PAYEE (ACCOUNT_NUMBER,PAYEE_NAME,TRANSACTION_ID,IFSC_CODE,MMID,REMARKS,BALANCE,TRANSACTION_DATE,COM_DATE,COUNT) values (620410100001,'Athiselvam',1482,'ATEK000134',0,'rent',252101,to_timestamp('14-05-19 12:11:40.412000000 PM','DD-MM-RR HH12:MI:SSXFF AM'),to_timestamp('14-05-19 12:11:40.412000000 PM','DD-MM-RR HH12:MI:SSXFF AM'),null);
Insert into HR.TRN_PAYEE (ACCOUNT_NUMBER,PAYEE_NAME,TRANSACTION_ID,IFSC_CODE,MMID,REMARKS,BALANCE,TRANSACTION_DATE,COM_DATE,COUNT) values (620410100002,null,1484,null,8807651,'rent',51000,to_timestamp('14-05-19 01:50:43.559000000 PM','DD-MM-RR HH12:MI:SSXFF AM'),to_timestamp('14-05-19 01:50:43.559000000 PM','DD-MM-RR HH12:MI:SSXFF AM'),null);
Insert into HR.TRN_PAYEE (ACCOUNT_NUMBER,PAYEE_NAME,TRANSACTION_ID,IFSC_CODE,MMID,REMARKS,BALANCE,TRANSACTION_DATE,COM_DATE,COUNT) values (620410100001,'saranya',1485,'ATEK000138',0,'rent',52000,to_timestamp('14-05-19 01:55:20.320000000 PM','DD-MM-RR HH12:MI:SSXFF AM'),to_timestamp('14-05-19 01:55:20.320000000 PM','DD-MM-RR HH12:MI:SSXFF AM'),null);
Insert into HR.TRN_PAYEE (ACCOUNT_NUMBER,PAYEE_NAME,TRANSACTION_ID,IFSC_CODE,MMID,REMARKS,BALANCE,TRANSACTION_DATE,COM_DATE,COUNT) values (620410100001,'saranya',1488,'ATEK000138',0,'rent',3000,to_timestamp('20-05-19 06:27:13.299000000 PM','DD-MM-RR HH12:MI:SSXFF AM'),to_timestamp('20-05-19 06:27:13.299000000 PM','DD-MM-RR HH12:MI:SSXFF AM'),null);
Insert into HR.TRN_PAYEE (ACCOUNT_NUMBER,PAYEE_NAME,TRANSACTION_ID,IFSC_CODE,MMID,REMARKS,BALANCE,TRANSACTION_DATE,COM_DATE,COUNT) values (620410100002,'Athiselvam',1496,'ATEK000134',0,'rent',2000,to_timestamp('20-05-19 07:02:03.757000000 PM','DD-MM-RR HH12:MI:SSXFF AM'),to_timestamp('20-05-19 07:02:03.758000000 PM','DD-MM-RR HH12:MI:SSXFF AM'),null);
Insert into HR.TRN_PAYEE (ACCOUNT_NUMBER,PAYEE_NAME,TRANSACTION_ID,IFSC_CODE,MMID,REMARKS,BALANCE,TRANSACTION_DATE,COM_DATE,COUNT) values (620410100001,'saranya',1500,'ATEK000138',0,'rent',2000,to_timestamp('20-05-19 10:28:27.260000000 PM','DD-MM-RR HH12:MI:SSXFF AM'),to_timestamp('20-05-19 10:28:27.260000000 PM','DD-MM-RR HH12:MI:SSXFF AM'),null);
Insert into HR.TRN_PAYEE (ACCOUNT_NUMBER,PAYEE_NAME,TRANSACTION_ID,IFSC_CODE,MMID,REMARKS,BALANCE,TRANSACTION_DATE,COM_DATE,COUNT) values (620410100001,'saranya',1502,'ATEK000138',0,'rent',2000,to_timestamp('20-05-19 10:55:48.354000000 PM','DD-MM-RR HH12:MI:SSXFF AM'),to_timestamp('20-05-19 10:55:48.354000000 PM','DD-MM-RR HH12:MI:SSXFF AM'),null);
Insert into HR.TRN_PAYEE (ACCOUNT_NUMBER,PAYEE_NAME,TRANSACTION_ID,IFSC_CODE,MMID,REMARKS,BALANCE,TRANSACTION_DATE,COM_DATE,COUNT) values (620410100001,'saranya',1503,'ATEK000138',0,'rent',1000,to_timestamp('20-05-19 10:56:38.733000000 PM','DD-MM-RR HH12:MI:SSXFF AM'),to_timestamp('20-05-19 10:56:38.733000000 PM','DD-MM-RR HH12:MI:SSXFF AM'),null);
Insert into HR.TRN_PAYEE (ACCOUNT_NUMBER,PAYEE_NAME,TRANSACTION_ID,IFSC_CODE,MMID,REMARKS,BALANCE,TRANSACTION_DATE,COM_DATE,COUNT) values (620410100001,'saranya',1504,'ATEK000138',0,'rent',1000,to_timestamp('20-05-19 11:31:48.594000000 PM','DD-MM-RR HH12:MI:SSXFF AM'),to_timestamp('20-05-19 11:31:48.594000000 PM','DD-MM-RR HH12:MI:SSXFF AM'),null);
Insert into HR.TRN_PAYEE (ACCOUNT_NUMBER,PAYEE_NAME,TRANSACTION_ID,IFSC_CODE,MMID,REMARKS,BALANCE,TRANSACTION_DATE,COM_DATE,COUNT) values (620410100001,'saranya',1506,'ATEK000138',0,'rent',1000,to_timestamp('21-05-19 12:03:40.217000000 AM','DD-MM-RR HH12:MI:SSXFF AM'),to_timestamp('21-05-19 12:03:40.217000000 AM','DD-MM-RR HH12:MI:SSXFF AM'),null);
Insert into HR.TRN_PAYEE (ACCOUNT_NUMBER,PAYEE_NAME,TRANSACTION_ID,IFSC_CODE,MMID,REMARKS,BALANCE,TRANSACTION_DATE,COM_DATE,COUNT) values (620410100001,'saranya',1507,'ATEK000138',0,null,5000,to_timestamp('21-05-19 10:49:23.997000000 AM','DD-MM-RR HH12:MI:SSXFF AM'),to_timestamp('21-05-19 10:49:23.997000000 AM','DD-MM-RR HH12:MI:SSXFF AM'),null);
Insert into HR.TRN_PAYEE (ACCOUNT_NUMBER,PAYEE_NAME,TRANSACTION_ID,IFSC_CODE,MMID,REMARKS,BALANCE,TRANSACTION_DATE,COM_DATE,COUNT) values (620410100001,'saranya',1508,'ATEK000138',0,'Expense',1000,to_timestamp('21-05-19 02:19:06.587000000 PM','DD-MM-RR HH12:MI:SSXFF AM'),to_timestamp('21-05-19 02:19:06.587000000 PM','DD-MM-RR HH12:MI:SSXFF AM'),null);
Insert into HR.TRN_PAYEE (ACCOUNT_NUMBER,PAYEE_NAME,TRANSACTION_ID,IFSC_CODE,MMID,REMARKS,BALANCE,TRANSACTION_DATE,COM_DATE,COUNT) values (620410100001,null,1433,null,2023920,'HI',2000,to_timestamp('13-05-19 03:23:44.296000000 PM','DD-MM-RR HH12:MI:SSXFF AM'),to_timestamp('13-05-19 03:23:44.296000000 PM','DD-MM-RR HH12:MI:SSXFF AM'),null);
Insert into HR.TRN_PAYEE (ACCOUNT_NUMBER,PAYEE_NAME,TRANSACTION_ID,IFSC_CODE,MMID,REMARKS,BALANCE,TRANSACTION_DATE,COM_DATE,COUNT) values (620410100001,null,1435,null,2023920,'HI',3000,to_timestamp('13-05-19 03:31:56.143000000 PM','DD-MM-RR HH12:MI:SSXFF AM'),to_timestamp('13-05-19 03:31:56.143000000 PM','DD-MM-RR HH12:MI:SSXFF AM'),null);
Insert into HR.TRN_PAYEE (ACCOUNT_NUMBER,PAYEE_NAME,TRANSACTION_ID,IFSC_CODE,MMID,REMARKS,BALANCE,TRANSACTION_DATE,COM_DATE,COUNT) values (620410100001,null,1436,null,2023920,'HI',3000,to_timestamp('13-05-19 03:31:56.143000000 PM','DD-MM-RR HH12:MI:SSXFF AM'),to_timestamp('13-05-19 03:31:56.143000000 PM','DD-MM-RR HH12:MI:SSXFF AM'),null);
Insert into HR.TRN_PAYEE (ACCOUNT_NUMBER,PAYEE_NAME,TRANSACTION_ID,IFSC_CODE,MMID,REMARKS,BALANCE,TRANSACTION_DATE,COM_DATE,COUNT) values (620410100001,null,1437,null,2023920,'HI',3000,to_timestamp('13-05-19 03:33:28.159000000 PM','DD-MM-RR HH12:MI:SSXFF AM'),to_timestamp('13-05-19 03:33:28.159000000 PM','DD-MM-RR HH12:MI:SSXFF AM'),null);
Insert into HR.TRN_PAYEE (ACCOUNT_NUMBER,PAYEE_NAME,TRANSACTION_ID,IFSC_CODE,MMID,REMARKS,BALANCE,TRANSACTION_DATE,COM_DATE,COUNT) values (620410100001,null,1438,null,2023920,'HI',3000,to_timestamp('13-05-19 03:33:28.159000000 PM','DD-MM-RR HH12:MI:SSXFF AM'),to_timestamp('13-05-19 03:33:28.159000000 PM','DD-MM-RR HH12:MI:SSXFF AM'),null);
Insert into HR.TRN_PAYEE (ACCOUNT_NUMBER,PAYEE_NAME,TRANSACTION_ID,IFSC_CODE,MMID,REMARKS,BALANCE,TRANSACTION_DATE,COM_DATE,COUNT) values (620410100001,null,1439,null,2023920,'HI',3000,to_timestamp('13-05-19 03:52:00.541000000 PM','DD-MM-RR HH12:MI:SSXFF AM'),to_timestamp('13-05-19 03:52:00.542000000 PM','DD-MM-RR HH12:MI:SSXFF AM'),null);
Insert into HR.TRN_PAYEE (ACCOUNT_NUMBER,PAYEE_NAME,TRANSACTION_ID,IFSC_CODE,MMID,REMARKS,BALANCE,TRANSACTION_DATE,COM_DATE,COUNT) values (620410100001,null,1440,null,2023920,'HI',3000,to_timestamp('13-05-19 03:52:00.541000000 PM','DD-MM-RR HH12:MI:SSXFF AM'),to_timestamp('13-05-19 03:52:00.542000000 PM','DD-MM-RR HH12:MI:SSXFF AM'),null);
Insert into HR.TRN_PAYEE (ACCOUNT_NUMBER,PAYEE_NAME,TRANSACTION_ID,IFSC_CODE,MMID,REMARKS,BALANCE,TRANSACTION_DATE,COM_DATE,COUNT) values (620410100001,null,1441,null,2023920,'HI',3000,to_timestamp('13-05-19 04:01:24.923000000 PM','DD-MM-RR HH12:MI:SSXFF AM'),to_timestamp('13-05-19 04:01:24.924000000 PM','DD-MM-RR HH12:MI:SSXFF AM'),null);
Insert into HR.TRN_PAYEE (ACCOUNT_NUMBER,PAYEE_NAME,TRANSACTION_ID,IFSC_CODE,MMID,REMARKS,BALANCE,TRANSACTION_DATE,COM_DATE,COUNT) values (620410100001,null,1442,null,2023920,'HI',3000,to_timestamp('13-05-19 04:01:24.923000000 PM','DD-MM-RR HH12:MI:SSXFF AM'),to_timestamp('13-05-19 04:01:24.924000000 PM','DD-MM-RR HH12:MI:SSXFF AM'),null);
Insert into HR.TRN_PAYEE (ACCOUNT_NUMBER,PAYEE_NAME,TRANSACTION_ID,IFSC_CODE,MMID,REMARKS,BALANCE,TRANSACTION_DATE,COM_DATE,COUNT) values (620410100001,null,1443,null,2023920,'HI',3000,to_timestamp('13-05-19 04:44:04.049000000 PM','DD-MM-RR HH12:MI:SSXFF AM'),to_timestamp('13-05-19 04:44:04.049000000 PM','DD-MM-RR HH12:MI:SSXFF AM'),null);
Insert into HR.TRN_PAYEE (ACCOUNT_NUMBER,PAYEE_NAME,TRANSACTION_ID,IFSC_CODE,MMID,REMARKS,BALANCE,TRANSACTION_DATE,COM_DATE,COUNT) values (620410100001,null,1444,null,2023920,'HI',3000,to_timestamp('13-05-19 04:44:04.049000000 PM','DD-MM-RR HH12:MI:SSXFF AM'),to_timestamp('13-05-19 04:44:04.049000000 PM','DD-MM-RR HH12:MI:SSXFF AM'),null);
Insert into HR.TRN_PAYEE (ACCOUNT_NUMBER,PAYEE_NAME,TRANSACTION_ID,IFSC_CODE,MMID,REMARKS,BALANCE,TRANSACTION_DATE,COM_DATE,COUNT) values (620410100001,null,1445,null,2023920,'HI',3000,to_timestamp('13-05-19 04:45:04.852000000 PM','DD-MM-RR HH12:MI:SSXFF AM'),to_timestamp('13-05-19 04:45:04.852000000 PM','DD-MM-RR HH12:MI:SSXFF AM'),null);
Insert into HR.TRN_PAYEE (ACCOUNT_NUMBER,PAYEE_NAME,TRANSACTION_ID,IFSC_CODE,MMID,REMARKS,BALANCE,TRANSACTION_DATE,COM_DATE,COUNT) values (620410100001,null,1446,null,2023920,'HI',3000,to_timestamp('13-05-19 04:45:04.852000000 PM','DD-MM-RR HH12:MI:SSXFF AM'),to_timestamp('13-05-19 04:45:04.852000000 PM','DD-MM-RR HH12:MI:SSXFF AM'),null);
Insert into HR.TRN_PAYEE (ACCOUNT_NUMBER,PAYEE_NAME,TRANSACTION_ID,IFSC_CODE,MMID,REMARKS,BALANCE,TRANSACTION_DATE,COM_DATE,COUNT) values (620410100001,null,1447,null,2023920,'hi',3000,to_timestamp('13-05-19 04:52:14.704000000 PM','DD-MM-RR HH12:MI:SSXFF AM'),to_timestamp('13-05-19 04:52:14.705000000 PM','DD-MM-RR HH12:MI:SSXFF AM'),null);
Insert into HR.TRN_PAYEE (ACCOUNT_NUMBER,PAYEE_NAME,TRANSACTION_ID,IFSC_CODE,MMID,REMARKS,BALANCE,TRANSACTION_DATE,COM_DATE,COUNT) values (620410100001,null,1448,null,2023920,'hi',3000,to_timestamp('13-05-19 04:52:14.704000000 PM','DD-MM-RR HH12:MI:SSXFF AM'),to_timestamp('13-05-19 04:52:14.705000000 PM','DD-MM-RR HH12:MI:SSXFF AM'),null);
Insert into HR.TRN_PAYEE (ACCOUNT_NUMBER,PAYEE_NAME,TRANSACTION_ID,IFSC_CODE,MMID,REMARKS,BALANCE,TRANSACTION_DATE,COM_DATE,COUNT) values (620410100001,null,1449,null,2023920,'HI',3000,to_timestamp('13-05-19 05:54:38.659000000 PM','DD-MM-RR HH12:MI:SSXFF AM'),to_timestamp('13-05-19 05:54:38.660000000 PM','DD-MM-RR HH12:MI:SSXFF AM'),null);
Insert into HR.TRN_PAYEE (ACCOUNT_NUMBER,PAYEE_NAME,TRANSACTION_ID,IFSC_CODE,MMID,REMARKS,BALANCE,TRANSACTION_DATE,COM_DATE,COUNT) values (620410100001,null,1450,null,2023920,'HI',3000,to_timestamp('13-05-19 05:54:38.659000000 PM','DD-MM-RR HH12:MI:SSXFF AM'),to_timestamp('13-05-19 05:54:38.660000000 PM','DD-MM-RR HH12:MI:SSXFF AM'),null);
Insert into HR.TRN_PAYEE (ACCOUNT_NUMBER,PAYEE_NAME,TRANSACTION_ID,IFSC_CODE,MMID,REMARKS,BALANCE,TRANSACTION_DATE,COM_DATE,COUNT) values (620410100001,null,1451,null,2023920,'HI',3000,to_timestamp('13-05-19 06:07:03.341000000 PM','DD-MM-RR HH12:MI:SSXFF AM'),to_timestamp('13-05-19 06:07:03.342000000 PM','DD-MM-RR HH12:MI:SSXFF AM'),null);
Insert into HR.TRN_PAYEE (ACCOUNT_NUMBER,PAYEE_NAME,TRANSACTION_ID,IFSC_CODE,MMID,REMARKS,BALANCE,TRANSACTION_DATE,COM_DATE,COUNT) values (620410100001,null,1452,null,2023920,'HI',3000,to_timestamp('13-05-19 06:07:03.341000000 PM','DD-MM-RR HH12:MI:SSXFF AM'),to_timestamp('13-05-19 06:07:03.342000000 PM','DD-MM-RR HH12:MI:SSXFF AM'),null);
Insert into HR.TRN_PAYEE (ACCOUNT_NUMBER,PAYEE_NAME,TRANSACTION_ID,IFSC_CODE,MMID,REMARKS,BALANCE,TRANSACTION_DATE,COM_DATE,COUNT) values (620410100001,null,1453,null,2023920,'HI',2123,to_timestamp('13-05-19 06:09:29.069000000 PM','DD-MM-RR HH12:MI:SSXFF AM'),to_timestamp('13-05-19 06:09:29.069000000 PM','DD-MM-RR HH12:MI:SSXFF AM'),null);
Insert into HR.TRN_PAYEE (ACCOUNT_NUMBER,PAYEE_NAME,TRANSACTION_ID,IFSC_CODE,MMID,REMARKS,BALANCE,TRANSACTION_DATE,COM_DATE,COUNT) values (620410100001,null,1457,null,2023920,'HI',2010,to_timestamp('13-05-19 06:11:50.908000000 PM','DD-MM-RR HH12:MI:SSXFF AM'),to_timestamp('13-05-19 06:11:50.909000000 PM','DD-MM-RR HH12:MI:SSXFF AM'),null);
Insert into HR.TRN_PAYEE (ACCOUNT_NUMBER,PAYEE_NAME,TRANSACTION_ID,IFSC_CODE,MMID,REMARKS,BALANCE,TRANSACTION_DATE,COM_DATE,COUNT) values (620410100001,null,1458,null,2023920,'HI',2010,to_timestamp('13-05-19 06:16:43.156000000 PM','DD-MM-RR HH12:MI:SSXFF AM'),to_timestamp('13-05-19 06:16:43.156000000 PM','DD-MM-RR HH12:MI:SSXFF AM'),null);
Insert into HR.TRN_PAYEE (ACCOUNT_NUMBER,PAYEE_NAME,TRANSACTION_ID,IFSC_CODE,MMID,REMARKS,BALANCE,TRANSACTION_DATE,COM_DATE,COUNT) values (620410100001,'saranya',1494,'ATEK000138',0,'rent',2000,to_timestamp('20-05-19 06:41:38.214000000 PM','DD-MM-RR HH12:MI:SSXFF AM'),to_timestamp('20-05-19 06:41:38.214000000 PM','DD-MM-RR HH12:MI:SSXFF AM'),null);
Insert into HR.TRN_PAYEE (ACCOUNT_NUMBER,PAYEE_NAME,TRANSACTION_ID,IFSC_CODE,MMID,REMARKS,BALANCE,TRANSACTION_DATE,COM_DATE,COUNT) values (620410100001,null,1509,null,1234567,'Expense',1000,to_timestamp('22-05-19 11:41:17.847000000 AM','DD-MM-RR HH12:MI:SSXFF AM'),to_timestamp('22-05-19 11:41:17.847000000 AM','DD-MM-RR HH12:MI:SSXFF AM'),null);
Insert into HR.TRN_PAYEE (ACCOUNT_NUMBER,PAYEE_NAME,TRANSACTION_ID,IFSC_CODE,MMID,REMARKS,BALANCE,TRANSACTION_DATE,COM_DATE,COUNT) values (620410100001,null,1510,null,2023920,'Expense',1000,to_timestamp('22-05-19 11:55:26.769000000 AM','DD-MM-RR HH12:MI:SSXFF AM'),to_timestamp('22-05-19 11:55:26.770000000 AM','DD-MM-RR HH12:MI:SSXFF AM'),null);
Insert into HR.TRN_PAYEE (ACCOUNT_NUMBER,PAYEE_NAME,TRANSACTION_ID,IFSC_CODE,MMID,REMARKS,BALANCE,TRANSACTION_DATE,COM_DATE,COUNT) values (620410100001,null,1511,null,2023920,'Expense',1000,to_timestamp('22-05-19 11:57:13.096000000 AM','DD-MM-RR HH12:MI:SSXFF AM'),to_timestamp('22-05-19 11:57:13.097000000 AM','DD-MM-RR HH12:MI:SSXFF AM'),null);
Insert into HR.TRN_PAYEE (ACCOUNT_NUMBER,PAYEE_NAME,TRANSACTION_ID,IFSC_CODE,MMID,REMARKS,BALANCE,TRANSACTION_DATE,COM_DATE,COUNT) values (620410100001,null,1512,null,2023920,'Expense',1000,to_timestamp('22-05-19 11:58:38.812000000 AM','DD-MM-RR HH12:MI:SSXFF AM'),to_timestamp('22-05-19 11:58:38.812000000 AM','DD-MM-RR HH12:MI:SSXFF AM'),null);
Insert into HR.TRN_PAYEE (ACCOUNT_NUMBER,PAYEE_NAME,TRANSACTION_ID,IFSC_CODE,MMID,REMARKS,BALANCE,TRANSACTION_DATE,COM_DATE,COUNT) values (620410100001,'Ramesh',1513,'ATEK000138',0,'Expense',1000,to_timestamp('22-05-19 12:04:31.032000000 PM','DD-MM-RR HH12:MI:SSXFF AM'),to_timestamp('22-05-19 12:04:31.032000000 PM','DD-MM-RR HH12:MI:SSXFF AM'),null);
Insert into HR.TRN_PAYEE (ACCOUNT_NUMBER,PAYEE_NAME,TRANSACTION_ID,IFSC_CODE,MMID,REMARKS,BALANCE,TRANSACTION_DATE,COM_DATE,COUNT) values (620410100001,'selva',1514,'ATEK000137',0,'Expense',1000,to_timestamp('22-05-19 12:06:21.774000000 PM','DD-MM-RR HH12:MI:SSXFF AM'),to_timestamp('22-05-19 12:06:21.774000000 PM','DD-MM-RR HH12:MI:SSXFF AM'),null);
Insert into HR.TRN_PAYEE (ACCOUNT_NUMBER,PAYEE_NAME,TRANSACTION_ID,IFSC_CODE,MMID,REMARKS,BALANCE,TRANSACTION_DATE,COM_DATE,COUNT) values (620410100001,'selva',1515,'ATEK000137',0,'Expense',1000,to_timestamp('22-05-19 12:07:38.300000000 PM','DD-MM-RR HH12:MI:SSXFF AM'),to_timestamp('22-05-19 12:07:38.300000000 PM','DD-MM-RR HH12:MI:SSXFF AM'),null);
Insert into HR.TRN_PAYEE (ACCOUNT_NUMBER,PAYEE_NAME,TRANSACTION_ID,IFSC_CODE,MMID,REMARKS,BALANCE,TRANSACTION_DATE,COM_DATE,COUNT) values (620410100001,null,1516,null,1463442,'Expense',1000,to_timestamp('22-05-19 12:08:15.301000000 PM','DD-MM-RR HH12:MI:SSXFF AM'),to_timestamp('22-05-19 12:08:15.301000000 PM','DD-MM-RR HH12:MI:SSXFF AM'),null);
Insert into HR.TRN_PAYEE (ACCOUNT_NUMBER,PAYEE_NAME,TRANSACTION_ID,IFSC_CODE,MMID,REMARKS,BALANCE,TRANSACTION_DATE,COM_DATE,COUNT) values (620410100001,'saranya',1517,'ATEK000138',0,'Expense',1000,to_timestamp('22-05-19 12:12:10.136000000 PM','DD-MM-RR HH12:MI:SSXFF AM'),to_timestamp('22-05-19 12:12:10.136000000 PM','DD-MM-RR HH12:MI:SSXFF AM'),null);
Insert into HR.TRN_PAYEE (ACCOUNT_NUMBER,PAYEE_NAME,TRANSACTION_ID,IFSC_CODE,MMID,REMARKS,BALANCE,TRANSACTION_DATE,COM_DATE,COUNT) values (620410100001,null,1518,null,5349123,'Expense',1000,to_timestamp('22-05-19 12:19:16.144000000 PM','DD-MM-RR HH12:MI:SSXFF AM'),to_timestamp('22-05-19 12:19:16.144000000 PM','DD-MM-RR HH12:MI:SSXFF AM'),null);
Insert into HR.TRN_PAYEE (ACCOUNT_NUMBER,PAYEE_NAME,TRANSACTION_ID,IFSC_CODE,MMID,REMARKS,BALANCE,TRANSACTION_DATE,COM_DATE,COUNT) values (620410100001,'saranya',1520,'ATEK000134',0,'Expense',1000,to_timestamp('22-05-19 06:44:44.337000000 PM','DD-MM-RR HH12:MI:SSXFF AM'),to_timestamp('22-05-19 06:44:44.337000000 PM','DD-MM-RR HH12:MI:SSXFF AM'),null);
Insert into HR.TRN_PAYEE (ACCOUNT_NUMBER,PAYEE_NAME,TRANSACTION_ID,IFSC_CODE,MMID,REMARKS,BALANCE,TRANSACTION_DATE,COM_DATE,COUNT) values (620410100001,'saranya',1522,'ATEK000134',0,'Expense',1000,to_timestamp('23-05-19 04:11:48.520000000 PM','DD-MM-RR HH12:MI:SSXFF AM'),to_timestamp('23-05-19 04:11:48.520000000 PM','DD-MM-RR HH12:MI:SSXFF AM'),null);
Insert into HR.TRN_PAYEE (ACCOUNT_NUMBER,PAYEE_NAME,TRANSACTION_ID,IFSC_CODE,MMID,REMARKS,BALANCE,TRANSACTION_DATE,COM_DATE,COUNT) values (620410100001,'saranya',1523,'ATEK000134',0,'Expense',1000,to_timestamp('23-05-19 04:13:07.730000000 PM','DD-MM-RR HH12:MI:SSXFF AM'),to_timestamp('23-05-19 04:13:07.731000000 PM','DD-MM-RR HH12:MI:SSXFF AM'),null);
Insert into HR.TRN_PAYEE (ACCOUNT_NUMBER,PAYEE_NAME,TRANSACTION_ID,IFSC_CODE,MMID,REMARKS,BALANCE,TRANSACTION_DATE,COM_DATE,COUNT) values (620410100001,null,1434,null,2023920,'HI',2000,to_timestamp('13-05-19 03:23:50.098000000 PM','DD-MM-RR HH12:MI:SSXFF AM'),to_timestamp('13-05-19 03:23:50.098000000 PM','DD-MM-RR HH12:MI:SSXFF AM'),null);
Insert into HR.TRN_PAYEE (ACCOUNT_NUMBER,PAYEE_NAME,TRANSACTION_ID,IFSC_CODE,MMID,REMARKS,BALANCE,TRANSACTION_DATE,COM_DATE,COUNT) values (620410100001,null,1454,null,2023920,'HI',2123,to_timestamp('13-05-19 06:10:19.027000000 PM','DD-MM-RR HH12:MI:SSXFF AM'),to_timestamp('13-05-19 06:10:19.027000000 PM','DD-MM-RR HH12:MI:SSXFF AM'),null);
Insert into HR.TRN_PAYEE (ACCOUNT_NUMBER,PAYEE_NAME,TRANSACTION_ID,IFSC_CODE,MMID,REMARKS,BALANCE,TRANSACTION_DATE,COM_DATE,COUNT) values (620410100002,'Athiselvam',1478,'ATEK000134',0,'rent',51000,to_timestamp('14-05-19 11:52:25.956000000 AM','DD-MM-RR HH12:MI:SSXFF AM'),to_timestamp('14-05-19 11:52:25.956000000 AM','DD-MM-RR HH12:MI:SSXFF AM'),null);
Insert into HR.TRN_PAYEE (ACCOUNT_NUMBER,PAYEE_NAME,TRANSACTION_ID,IFSC_CODE,MMID,REMARKS,BALANCE,TRANSACTION_DATE,COM_DATE,COUNT) values (620410100001,'saranya',1483,'ATEK000138',0,'rent',252000,to_timestamp('14-05-19 12:12:33.994000000 PM','DD-MM-RR HH12:MI:SSXFF AM'),to_timestamp('14-05-19 12:12:33.994000000 PM','DD-MM-RR HH12:MI:SSXFF AM'),null);
Insert into HR.TRN_PAYEE (ACCOUNT_NUMBER,PAYEE_NAME,TRANSACTION_ID,IFSC_CODE,MMID,REMARKS,BALANCE,TRANSACTION_DATE,COM_DATE,COUNT) values (620410100001,'saranya',1486,'ATEK000138',0,'rent',22000,to_timestamp('14-05-19 02:39:45.202000000 PM','DD-MM-RR HH12:MI:SSXFF AM'),to_timestamp('14-05-19 02:39:45.202000000 PM','DD-MM-RR HH12:MI:SSXFF AM'),null);
Insert into HR.TRN_PAYEE (ACCOUNT_NUMBER,PAYEE_NAME,TRANSACTION_ID,IFSC_CODE,MMID,REMARKS,BALANCE,TRANSACTION_DATE,COM_DATE,COUNT) values (620410100001,'saranya',1490,'ATEK000138',0,'rent',3000,to_timestamp('20-05-19 06:35:02.673000000 PM','DD-MM-RR HH12:MI:SSXFF AM'),to_timestamp('20-05-19 06:35:02.674000000 PM','DD-MM-RR HH12:MI:SSXFF AM'),null);
Insert into HR.TRN_PAYEE (ACCOUNT_NUMBER,PAYEE_NAME,TRANSACTION_ID,IFSC_CODE,MMID,REMARKS,BALANCE,TRANSACTION_DATE,COM_DATE,COUNT) values (620410100001,'saranya',1492,'ATEK000138',0,'rent',3000,to_timestamp('20-05-19 06:38:31.522000000 PM','DD-MM-RR HH12:MI:SSXFF AM'),to_timestamp('20-05-19 06:38:31.522000000 PM','DD-MM-RR HH12:MI:SSXFF AM'),null);
Insert into HR.TRN_PAYEE (ACCOUNT_NUMBER,PAYEE_NAME,TRANSACTION_ID,IFSC_CODE,MMID,REMARKS,BALANCE,TRANSACTION_DATE,COM_DATE,COUNT) values (620410100001,'saranya',1495,'ATEK000138',0,'rent',2000,to_timestamp('20-05-19 06:42:05.308000000 PM','DD-MM-RR HH12:MI:SSXFF AM'),to_timestamp('20-05-19 06:42:05.308000000 PM','DD-MM-RR HH12:MI:SSXFF AM'),null);
Insert into HR.TRN_PAYEE (ACCOUNT_NUMBER,PAYEE_NAME,TRANSACTION_ID,IFSC_CODE,MMID,REMARKS,BALANCE,TRANSACTION_DATE,COM_DATE,COUNT) values (620410100001,'selva',1519,'ATEK000121',0,'Expense',1000,to_timestamp('22-05-19 12:19:47.120000000 PM','DD-MM-RR HH12:MI:SSXFF AM'),to_timestamp('22-05-19 12:19:47.121000000 PM','DD-MM-RR HH12:MI:SSXFF AM'),null);
Insert into HR.TRN_PAYEE (ACCOUNT_NUMBER,PAYEE_NAME,TRANSACTION_ID,IFSC_CODE,MMID,REMARKS,BALANCE,TRANSACTION_DATE,COM_DATE,COUNT) values (620410100001,'saranya',1530,'ATEK000134',0,'Expense',20000,to_timestamp('23-05-19 11:53:30.686000000 PM','DD-MM-RR HH12:MI:SSXFF AM'),to_timestamp('23-05-19 11:53:30.686000000 PM','DD-MM-RR HH12:MI:SSXFF AM'),null);
Insert into HR.TRN_PAYEE (ACCOUNT_NUMBER,PAYEE_NAME,TRANSACTION_ID,IFSC_CODE,MMID,REMARKS,BALANCE,TRANSACTION_DATE,COM_DATE,COUNT) values (620410100001,'saranya',1531,'ATEK000134',0,'Expense',20000,to_timestamp('23-05-19 11:53:51.346000000 PM','DD-MM-RR HH12:MI:SSXFF AM'),to_timestamp('23-05-19 11:53:51.346000000 PM','DD-MM-RR HH12:MI:SSXFF AM'),null);
Insert into HR.TRN_PAYEE (ACCOUNT_NUMBER,PAYEE_NAME,TRANSACTION_ID,IFSC_CODE,MMID,REMARKS,BALANCE,TRANSACTION_DATE,COM_DATE,COUNT) values (620410100001,'saranya',1532,'ATEK000134',0,'Expense',10000,to_timestamp('23-05-19 11:54:50.392000000 PM','DD-MM-RR HH12:MI:SSXFF AM'),to_timestamp('23-05-19 11:54:50.393000000 PM','DD-MM-RR HH12:MI:SSXFF AM'),null);
Insert into HR.TRN_PAYEE (ACCOUNT_NUMBER,PAYEE_NAME,TRANSACTION_ID,IFSC_CODE,MMID,REMARKS,BALANCE,TRANSACTION_DATE,COM_DATE,COUNT) values (620410100001,'saranya',1533,'ATEK000134',0,'Expense',20000,to_timestamp('23-05-19 11:57:22.716000000 PM','DD-MM-RR HH12:MI:SSXFF AM'),to_timestamp('23-05-19 11:57:22.716000000 PM','DD-MM-RR HH12:MI:SSXFF AM'),null);
Insert into HR.TRN_PAYEE (ACCOUNT_NUMBER,PAYEE_NAME,TRANSACTION_ID,IFSC_CODE,MMID,REMARKS,BALANCE,TRANSACTION_DATE,COM_DATE,COUNT) values (620410100001,'saranya',1534,'ATEK000134',0,'Expense',20000,to_timestamp('23-05-19 11:57:38.869000000 PM','DD-MM-RR HH12:MI:SSXFF AM'),to_timestamp('23-05-19 11:57:38.869000000 PM','DD-MM-RR HH12:MI:SSXFF AM'),null);
Insert into HR.TRN_PAYEE (ACCOUNT_NUMBER,PAYEE_NAME,TRANSACTION_ID,IFSC_CODE,MMID,REMARKS,BALANCE,TRANSACTION_DATE,COM_DATE,COUNT) values (620410100001,'saranya',1535,'ATEK000134',0,'Expense',10000,to_timestamp('23-05-19 11:58:52.341000000 PM','DD-MM-RR HH12:MI:SSXFF AM'),to_timestamp('23-05-19 11:58:52.341000000 PM','DD-MM-RR HH12:MI:SSXFF AM'),null);
Insert into HR.TRN_PAYEE (ACCOUNT_NUMBER,PAYEE_NAME,TRANSACTION_ID,IFSC_CODE,MMID,REMARKS,BALANCE,TRANSACTION_DATE,COM_DATE,COUNT) values (620410100001,'saranya',1536,'ATEK000134',0,'Expense',20000,to_timestamp('24-05-19 12:27:29.143000000 AM','DD-MM-RR HH12:MI:SSXFF AM'),to_timestamp('24-05-19 12:27:29.143000000 AM','DD-MM-RR HH12:MI:SSXFF AM'),null);
Insert into HR.TRN_PAYEE (ACCOUNT_NUMBER,PAYEE_NAME,TRANSACTION_ID,IFSC_CODE,MMID,REMARKS,BALANCE,TRANSACTION_DATE,COM_DATE,COUNT) values (620410100001,'saranya',1537,'ATEK000134',0,'Expense',20000,to_timestamp('24-05-19 12:28:00.151000000 AM','DD-MM-RR HH12:MI:SSXFF AM'),to_timestamp('24-05-19 12:28:00.151000000 AM','DD-MM-RR HH12:MI:SSXFF AM'),null);
Insert into HR.TRN_PAYEE (ACCOUNT_NUMBER,PAYEE_NAME,TRANSACTION_ID,IFSC_CODE,MMID,REMARKS,BALANCE,TRANSACTION_DATE,COM_DATE,COUNT) values (620410100001,'saranya',1538,'ATEK000134',0,'Expense',10000,to_timestamp('24-05-19 12:28:33.678000000 AM','DD-MM-RR HH12:MI:SSXFF AM'),to_timestamp('24-05-19 12:28:33.678000000 AM','DD-MM-RR HH12:MI:SSXFF AM'),null);
Insert into HR.TRN_PAYEE (ACCOUNT_NUMBER,PAYEE_NAME,TRANSACTION_ID,IFSC_CODE,MMID,REMARKS,BALANCE,TRANSACTION_DATE,COM_DATE,COUNT) values (620410100001,'saranya',1539,'ATEK000134',0,'Expense',30000,to_timestamp('24-05-19 12:39:27.294000000 AM','DD-MM-RR HH12:MI:SSXFF AM'),to_timestamp('24-05-19 12:39:27.294000000 AM','DD-MM-RR HH12:MI:SSXFF AM'),null);
Insert into HR.TRN_PAYEE (ACCOUNT_NUMBER,PAYEE_NAME,TRANSACTION_ID,IFSC_CODE,MMID,REMARKS,BALANCE,TRANSACTION_DATE,COM_DATE,COUNT) values (620410100001,'saranya',1541,'ATEK000134',0,'Expense',20000,to_timestamp('24-05-19 09:57:12.692000000 AM','DD-MM-RR HH12:MI:SSXFF AM'),to_timestamp('24-05-19 09:57:12.692000000 AM','DD-MM-RR HH12:MI:SSXFF AM'),null);
Insert into HR.TRN_PAYEE (ACCOUNT_NUMBER,PAYEE_NAME,TRANSACTION_ID,IFSC_CODE,MMID,REMARKS,BALANCE,TRANSACTION_DATE,COM_DATE,COUNT) values (620410100001,'saranya',1542,'ATEK000134',0,'Expense',20000,to_timestamp('24-05-19 09:57:40.198000000 AM','DD-MM-RR HH12:MI:SSXFF AM'),to_timestamp('24-05-19 09:57:40.198000000 AM','DD-MM-RR HH12:MI:SSXFF AM'),null);
Insert into HR.TRN_PAYEE (ACCOUNT_NUMBER,PAYEE_NAME,TRANSACTION_ID,IFSC_CODE,MMID,REMARKS,BALANCE,TRANSACTION_DATE,COM_DATE,COUNT) values (620410100001,'saranya',1544,'ATEK000134',0,'Expense',10000,to_timestamp('24-05-19 11:52:15.803000000 AM','DD-MM-RR HH12:MI:SSXFF AM'),to_timestamp('24-05-19 11:52:15.803000000 AM','DD-MM-RR HH12:MI:SSXFF AM'),null);
Insert into HR.TRN_PAYEE (ACCOUNT_NUMBER,PAYEE_NAME,TRANSACTION_ID,IFSC_CODE,MMID,REMARKS,BALANCE,TRANSACTION_DATE,COM_DATE,COUNT) values (620410100001,'saranya',1545,'ATEK000134',0,'Expense',10000,to_timestamp('24-05-19 11:52:35.734000000 AM','DD-MM-RR HH12:MI:SSXFF AM'),to_timestamp('24-05-19 11:52:35.734000000 AM','DD-MM-RR HH12:MI:SSXFF AM'),null);
Insert into HR.TRN_PAYEE (ACCOUNT_NUMBER,PAYEE_NAME,TRANSACTION_ID,IFSC_CODE,MMID,REMARKS,BALANCE,TRANSACTION_DATE,COM_DATE,COUNT) values (620410100001,'saranya',1546,'ATEK000134',0,'Expense',20000,to_timestamp('24-05-19 11:52:59.865000000 AM','DD-MM-RR HH12:MI:SSXFF AM'),to_timestamp('24-05-19 11:52:59.865000000 AM','DD-MM-RR HH12:MI:SSXFF AM'),null);
Insert into HR.TRN_PAYEE (ACCOUNT_NUMBER,PAYEE_NAME,TRANSACTION_ID,IFSC_CODE,MMID,REMARKS,BALANCE,TRANSACTION_DATE,COM_DATE,COUNT) values (620410100001,'saranya',1547,'ATEK000134',0,'Expense',10000,to_timestamp('24-05-19 11:53:22.367000000 AM','DD-MM-RR HH12:MI:SSXFF AM'),to_timestamp('24-05-19 11:53:22.367000000 AM','DD-MM-RR HH12:MI:SSXFF AM'),null);
Insert into HR.TRN_PAYEE (ACCOUNT_NUMBER,PAYEE_NAME,TRANSACTION_ID,IFSC_CODE,MMID,REMARKS,BALANCE,TRANSACTION_DATE,COM_DATE,COUNT) values (620410100001,'Athiselvam',1462,'ATEK000134',0,'HI',3000,to_timestamp('13-05-19 11:29:04.949000000 PM','DD-MM-RR HH12:MI:SSXFF AM'),to_timestamp('13-05-19 11:29:04.949000000 PM','DD-MM-RR HH12:MI:SSXFF AM'),null);
Insert into HR.TRN_PAYEE (ACCOUNT_NUMBER,PAYEE_NAME,TRANSACTION_ID,IFSC_CODE,MMID,REMARKS,BALANCE,TRANSACTION_DATE,COM_DATE,COUNT) values (620410100001,'Athiselva',1463,'ATEK000134',0,'HI',3000,to_timestamp('13-05-19 11:34:52.437000000 PM','DD-MM-RR HH12:MI:SSXFF AM'),to_timestamp('13-05-19 11:34:52.437000000 PM','DD-MM-RR HH12:MI:SSXFF AM'),null);
Insert into HR.TRN_PAYEE (ACCOUNT_NUMBER,PAYEE_NAME,TRANSACTION_ID,IFSC_CODE,MMID,REMARKS,BALANCE,TRANSACTION_DATE,COM_DATE,COUNT) values (620410100001,'saranya',1487,'ATEK000138',0,'rent',3000,to_timestamp('20-05-19 06:20:18.874000000 PM','DD-MM-RR HH12:MI:SSXFF AM'),to_timestamp('20-05-19 06:20:18.874000000 PM','DD-MM-RR HH12:MI:SSXFF AM'),null);
Insert into HR.TRN_PAYEE (ACCOUNT_NUMBER,PAYEE_NAME,TRANSACTION_ID,IFSC_CODE,MMID,REMARKS,BALANCE,TRANSACTION_DATE,COM_DATE,COUNT) values (620410100001,'saranya',1489,'ATEK000138',0,'rent',3000,to_timestamp('20-05-19 06:29:22.740000000 PM','DD-MM-RR HH12:MI:SSXFF AM'),to_timestamp('20-05-19 06:29:22.740000000 PM','DD-MM-RR HH12:MI:SSXFF AM'),null);
Insert into HR.TRN_PAYEE (ACCOUNT_NUMBER,PAYEE_NAME,TRANSACTION_ID,IFSC_CODE,MMID,REMARKS,BALANCE,TRANSACTION_DATE,COM_DATE,COUNT) values (620410100001,'saranya',1491,'ATEK000138',0,'rent',3000,to_timestamp('20-05-19 06:36:56.940000000 PM','DD-MM-RR HH12:MI:SSXFF AM'),to_timestamp('20-05-19 06:36:56.942000000 PM','DD-MM-RR HH12:MI:SSXFF AM'),null);
Insert into HR.TRN_PAYEE (ACCOUNT_NUMBER,PAYEE_NAME,TRANSACTION_ID,IFSC_CODE,MMID,REMARKS,BALANCE,TRANSACTION_DATE,COM_DATE,COUNT) values (620410100001,'saranya',1497,'ATEK000138',0,'rent',2000,to_timestamp('20-05-19 10:22:05.262000000 PM','DD-MM-RR HH12:MI:SSXFF AM'),to_timestamp('20-05-19 10:22:05.262000000 PM','DD-MM-RR HH12:MI:SSXFF AM'),null);
Insert into HR.TRN_PAYEE (ACCOUNT_NUMBER,PAYEE_NAME,TRANSACTION_ID,IFSC_CODE,MMID,REMARKS,BALANCE,TRANSACTION_DATE,COM_DATE,COUNT) values (620410100001,'saranya',1498,'ATEK000138',0,'rent',2000,to_timestamp('20-05-19 10:22:13.278000000 PM','DD-MM-RR HH12:MI:SSXFF AM'),to_timestamp('20-05-19 10:22:13.278000000 PM','DD-MM-RR HH12:MI:SSXFF AM'),null);
Insert into HR.TRN_PAYEE (ACCOUNT_NUMBER,PAYEE_NAME,TRANSACTION_ID,IFSC_CODE,MMID,REMARKS,BALANCE,TRANSACTION_DATE,COM_DATE,COUNT) values (620410100001,'saranya',1499,'ATEK000138',0,'rent',2000,to_timestamp('20-05-19 10:23:36.795000000 PM','DD-MM-RR HH12:MI:SSXFF AM'),to_timestamp('20-05-19 10:23:36.796000000 PM','DD-MM-RR HH12:MI:SSXFF AM'),null);
Insert into HR.TRN_PAYEE (ACCOUNT_NUMBER,PAYEE_NAME,TRANSACTION_ID,IFSC_CODE,MMID,REMARKS,BALANCE,TRANSACTION_DATE,COM_DATE,COUNT) values (620410100001,'saranya',1540,'ATEK000134',0,'Expense',20000,to_timestamp('24-05-19 12:39:47.046000000 AM','DD-MM-RR HH12:MI:SSXFF AM'),to_timestamp('24-05-19 12:39:47.046000000 AM','DD-MM-RR HH12:MI:SSXFF AM'),null);
Insert into HR.TRN_PAYEE (ACCOUNT_NUMBER,PAYEE_NAME,TRANSACTION_ID,IFSC_CODE,MMID,REMARKS,BALANCE,TRANSACTION_DATE,COM_DATE,COUNT) values (620410100001,'saranya',1543,'ATEK000134',0,'Expense',10000,to_timestamp('24-05-19 09:59:04.242000000 AM','DD-MM-RR HH12:MI:SSXFF AM'),to_timestamp('24-05-19 09:59:04.242000000 AM','DD-MM-RR HH12:MI:SSXFF AM'),null);
Insert into HR.TRN_PAYEE (ACCOUNT_NUMBER,PAYEE_NAME,TRANSACTION_ID,IFSC_CODE,MMID,REMARKS,BALANCE,TRANSACTION_DATE,COM_DATE,COUNT) values (620410100001,null,1455,null,2023920,'HI',2123,to_timestamp('13-05-19 06:10:46.728000000 PM','DD-MM-RR HH12:MI:SSXFF AM'),to_timestamp('13-05-19 06:10:46.729000000 PM','DD-MM-RR HH12:MI:SSXFF AM'),null);
Insert into HR.TRN_PAYEE (ACCOUNT_NUMBER,PAYEE_NAME,TRANSACTION_ID,IFSC_CODE,MMID,REMARKS,BALANCE,TRANSACTION_DATE,COM_DATE,COUNT) values (620410100001,'saranya',1493,'ATEK000138',0,'rent',3000,to_timestamp('20-05-19 06:38:40.234000000 PM','DD-MM-RR HH12:MI:SSXFF AM'),to_timestamp('20-05-19 06:38:40.234000000 PM','DD-MM-RR HH12:MI:SSXFF AM'),null);
Insert into HR.TRN_PAYEE (ACCOUNT_NUMBER,PAYEE_NAME,TRANSACTION_ID,IFSC_CODE,MMID,REMARKS,BALANCE,TRANSACTION_DATE,COM_DATE,COUNT) values (620410100002,'Athiselvam',1501,'ATEK000134',0,'rent',3000,to_timestamp('20-05-19 10:32:26.793000000 PM','DD-MM-RR HH12:MI:SSXFF AM'),to_timestamp('20-05-19 10:32:26.793000000 PM','DD-MM-RR HH12:MI:SSXFF AM'),null);
Insert into HR.TRN_PAYEE (ACCOUNT_NUMBER,PAYEE_NAME,TRANSACTION_ID,IFSC_CODE,MMID,REMARKS,BALANCE,TRANSACTION_DATE,COM_DATE,COUNT) values (620410100001,'saranya',1505,'ATEK000138',0,'rent',1000,to_timestamp('20-05-19 11:55:09.917000000 PM','DD-MM-RR HH12:MI:SSXFF AM'),to_timestamp('20-05-19 11:55:09.918000000 PM','DD-MM-RR HH12:MI:SSXFF AM'),null);
Insert into HR.TRN_PAYEE (ACCOUNT_NUMBER,PAYEE_NAME,TRANSACTION_ID,IFSC_CODE,MMID,REMARKS,BALANCE,TRANSACTION_DATE,COM_DATE,COUNT) values (620411100019,'saranya',1521,'ATEK000134',0,'Expense',10000,to_timestamp('23-05-19 12:36:31.559000000 PM','DD-MM-RR HH12:MI:SSXFF AM'),to_timestamp('23-05-19 12:36:31.559000000 PM','DD-MM-RR HH12:MI:SSXFF AM'),null);
--------------------------------------------------------
--  Constraints for Table TRN_PAYEE
--------------------------------------------------------

  ALTER TABLE "HR"."TRN_PAYEE" MODIFY ("BALANCE" NOT NULL ENABLE);
 
  ALTER TABLE "HR"."TRN_PAYEE" MODIFY ("TRANSACTION_DATE" NOT NULL ENABLE);
 
  ALTER TABLE "HR"."TRN_PAYEE" MODIFY ("COM_DATE" NOT NULL ENABLE);




--------------------------------------------------------
--  File created - Friday-May-24-2019   
--------------------------------------------------------
--------------------------------------------------------
--  DDL for Table TRN_IFSC
--------------------------------------------------------

  CREATE TABLE "HR"."TRN_IFSC" 
   (	"CURRENT_CITY" VARCHAR2(25 BYTE), 
	"IFSC_CODE" VARCHAR2(10 BYTE)
   ) PCTFREE 10 PCTUSED 40 INITRANS 1 MAXTRANS 255 NOCOMPRESS LOGGING
  STORAGE(INITIAL 65536 NEXT 1048576 MINEXTENTS 1 MAXEXTENTS 2147483645
  PCTINCREASE 0 FREELISTS 1 FREELIST GROUPS 1 BUFFER_POOL DEFAULT)
  TABLESPACE "USERS" ;
REM INSERTING into HR.TRN_IFSC
SET DEFINE OFF;
Insert into HR.TRN_IFSC (CURRENT_CITY,IFSC_CODE) values ('Salem','ATEK000120');
Insert into HR.TRN_IFSC (CURRENT_CITY,IFSC_CODE) values ('Madurai','ATEK000121');
Insert into HR.TRN_IFSC (CURRENT_CITY,IFSC_CODE) values ('Tirunelveli','ATEK000121');
Insert into HR.TRN_IFSC (CURRENT_CITY,IFSC_CODE) values ('Chennai','ATEK000131');
--------------------------------------------------------
--  DDL for Index SYS_C004345
--------------------------------------------------------

  CREATE UNIQUE INDEX "HR"."SYS_C004345" ON "HR"."TRN_IFSC" ("CURRENT_CITY") 
  PCTFREE 10 INITRANS 2 MAXTRANS 255 COMPUTE STATISTICS 
  STORAGE(INITIAL 65536 NEXT 1048576 MINEXTENTS 1 MAXEXTENTS 2147483645
  PCTINCREASE 0 FREELISTS 1 FREELIST GROUPS 1 BUFFER_POOL DEFAULT)
  TABLESPACE "USERS" ;
--------------------------------------------------------
--  Constraints for Table TRN_IFSC
--------------------------------------------------------

  ALTER TABLE "HR"."TRN_IFSC" MODIFY ("CURRENT_CITY" NOT NULL ENABLE);
 
  ALTER TABLE "HR"."TRN_IFSC" MODIFY ("IFSC_CODE" NOT NULL ENABLE);
 
  ALTER TABLE "HR"."TRN_IFSC" ADD UNIQUE ("CURRENT_CITY")
  USING INDEX PCTFREE 10 INITRANS 2 MAXTRANS 255 COMPUTE STATISTICS 
  STORAGE(INITIAL 65536 NEXT 1048576 MINEXTENTS 1 MAXEXTENTS 2147483645
  PCTINCREASE 0 FREELISTS 1 FREELIST GROUPS 1 BUFFER_POOL DEFAULT)
  TABLESPACE "USERS"  ENABLE;



